customer_id,first_name,last_name,email,phone
1000,Cordi,Tound,Cordi.Tound@yopmail.com,9090909090
1001,Bernardine,Wilkinson,Bernardine.Wilkinson@yopmail.com,9090909090
1002,Ida,Thad,Ida.Thad@yopmail.com,9090909090
1003,Consuela,Prober,Consuela.Prober@yopmail.com,9090909090
1004,Mureil,Remmer,Mureil.Remmer@yopmail.com,9090909090
1005,Gale,Tristram,Gale.Tristram@yopmail.com,9090909090
1006,Binny,Pozzy,Binny.Pozzy@yopmail.com,9090909090
1007,Harrietta,Taam,Harrietta.Taam@yopmail.com,9090909090
1008,Gertrud,Richers,Gertrud.Richers@yopmail.com,9090909090
1009,Paulita,Christine,Paulita.Christine@yopmail.com,9090909090
1010,Hope,Daveta,Hope.Daveta@yopmail.com,9090909090
1011,Myriam,Bryna,Myriam.Bryna@yopmail.com,9090909090
1012,Korrie,Erminia,Korrie.Erminia@yopmail.com,9090909090
1013,Celestyna,Ammann,Celestyna.Ammann@yopmail.com,9090909090
1014,Joane,Jefferey,Joane.Jefferey@yopmail.com,9090909090
1015,Gisela,Maribeth,Gisela.Maribeth@yopmail.com,9090909090
1016,Leia,Plato,Leia.Plato@yopmail.com,9090909090
1017,Alie,Helve,Alie.Helve@yopmail.com,9090909090
1018,Sybille,Dudley,Sybille.Dudley@yopmail.com,9090909090
1019,Olwen,Noelyn,Olwen.Noelyn@yopmail.com,9090909090
1020,Diena,Ammann,Diena.Ammann@yopmail.com,9090909090
1021,Wileen,Cottle,Wileen.Cottle@yopmail.com,9090909090
1022,Margarette,Hartnett,Margarette.Hartnett@yopmail.com,9090909090
1023,Amelia,Glovsky,Amelia.Glovsky@yopmail.com,9090909090
1024,Kimmy,Peg,Kimmy.Peg@yopmail.com,9090909090
1025,Kalina,Valoniah,Kalina.Valoniah@yopmail.com,9090909090
1026,Meghann,Shanley,Meghann.Shanley@yopmail.com,9090909090
1027,Beverley,Evvie,Beverley.Evvie@yopmail.com,9090909090
1028,Gusella,Means,Gusella.Means@yopmail.com,9090909090
1029,Asia,Dielu,Asia.Dielu@yopmail.com,9090909090
1030,Jean,Giule,Jean.Giule@yopmail.com,9090909090
1031,Ilse,Hortensia,Ilse.Hortensia@yopmail.com,9090909090
1032,Sallie,Bohlin,Sallie.Bohlin@yopmail.com,9090909090
1033,Amara,Malina,Amara.Malina@yopmail.com,9090909090
1034,Renae,Alice,Renae.Alice@yopmail.com,9090909090
1035,Ermengarde,Karna,Ermengarde.Karna@yopmail.com,9090909090
1036,Madalyn,Emanuel,Madalyn.Emanuel@yopmail.com,9090909090
1037,Darci,Orelee,Darci.Orelee@yopmail.com,9090909090
1038,Ira,Kirbee,Ira.Kirbee@yopmail.com,9090909090
1039,Beverley,Rese,Beverley.Rese@yopmail.com,9090909090
1040,Wendi,Estella,Wendi.Estella@yopmail.com,9090909090
1041,Nicoli,Dichy,Nicoli.Dichy@yopmail.com,9090909090
1042,Codie,Geffner,Codie.Geffner@yopmail.com,9090909090
1043,Heida,Estella,Heida.Estella@yopmail.com,9090909090
1044,Ekaterina,Jary,Ekaterina.Jary@yopmail.com,9090909090
1045,Britte,Trey,Britte.Trey@yopmail.com,9090909090
1046,Kassey,Gregrory,Kassey.Gregrory@yopmail.com,9090909090
1047,Felice,Kauppi,Felice.Kauppi@yopmail.com,9090909090
1048,Anallese,Alcott,Anallese.Alcott@yopmail.com,9090909090
1049,Emylee,Prober,Emylee.Prober@yopmail.com,9090909090
1050,Nyssa,McNully,Nyssa.McNully@yopmail.com,9090909090
1051,Nessie,Fiester,Nessie.Fiester@yopmail.com,9090909090
1052,Wilma,Zitvaa,Wilma.Zitvaa@yopmail.com,9090909090
1053,Maurene,Hieronymus,Maurene.Hieronymus@yopmail.com,9090909090
1054,Juliane,Vernier,Juliane.Vernier@yopmail.com,9090909090
1055,Dorothy,Ruvolo,Dorothy.Ruvolo@yopmail.com,9090909090
1056,Etta,Laurianne,Etta.Laurianne@yopmail.com,9090909090
1057,Genevra,Plato,Genevra.Plato@yopmail.com,9090909090
1058,Melisent,Cyrie,Melisent.Cyrie@yopmail.com,9090909090
1059,Stephanie,Tjon,Stephanie.Tjon@yopmail.com,9090909090
1060,Merci,Westphal,Merci.Westphal@yopmail.com,9090909090
1061,Melina,Guildroy,Melina.Guildroy@yopmail.com,9090909090
1062,Berta,Isidore,Berta.Isidore@yopmail.com,9090909090
1063,Stephanie,Suk,Stephanie.Suk@yopmail.com,9090909090
1064,Siana,Azeria,Siana.Azeria@yopmail.com,9090909090
1065,Chere,Aaberg,Chere.Aaberg@yopmail.com,9090909090
1066,Dulcinea,Peti,Dulcinea.Peti@yopmail.com,9090909090
1067,Shell,Arathorn,Shell.Arathorn@yopmail.com,9090909090
1068,Ernesta,Alice,Ernesta.Alice@yopmail.com,9090909090
1069,Vivia,Dahlia,Vivia.Dahlia@yopmail.com,9090909090
1070,Marsiella,Flita,Marsiella.Flita@yopmail.com,9090909090
1071,Eadie,Papageno,Eadie.Papageno@yopmail.com,9090909090
1072,Donetta,Sundin,Donetta.Sundin@yopmail.com,9090909090
1073,Leanna,Frodi,Leanna.Frodi@yopmail.com,9090909090
1074,Trixi,Sholley,Trixi.Sholley@yopmail.com,9090909090
1075,Modestia,Carey,Modestia.Carey@yopmail.com,9090909090
1076,Shaine,Campball,Shaine.Campball@yopmail.com,9090909090
1077,Zaria,Haymes,Zaria.Haymes@yopmail.com,9090909090
1078,Maud,Terrence,Maud.Terrence@yopmail.com,9090909090
1079,Raquela,Girardo,Raquela.Girardo@yopmail.com,9090909090
1080,Marsiella,Payson,Marsiella.Payson@yopmail.com,9090909090
1081,Wynne,Glenden,Wynne.Glenden@yopmail.com,9090909090
1082,Farrah,Goldina,Farrah.Goldina@yopmail.com,9090909090
1083,Shaylyn,Arley,Shaylyn.Arley@yopmail.com,9090909090
1084,Cristine,Kamaria,Cristine.Kamaria@yopmail.com,9090909090
1085,Priscilla,Yusuk,Priscilla.Yusuk@yopmail.com,9090909090
1086,Elbertina,Gherardo,Elbertina.Gherardo@yopmail.com,9090909090
1087,Hannis,Wallis,Hannis.Wallis@yopmail.com,9090909090
1088,Ada,Tacye,Ada.Tacye@yopmail.com,9090909090
1089,Kaja,Durware,Kaja.Durware@yopmail.com,9090909090
1090,Myriam,Jotham,Myriam.Jotham@yopmail.com,9090909090
1091,Clementine,Magdalen,Clementine.Magdalen@yopmail.com,9090909090
1092,Laurene,Mott,Laurene.Mott@yopmail.com,9090909090
1093,Pollyanna,Vacuva,Pollyanna.Vacuva@yopmail.com,9090909090
1094,Ottilie,Leary,Ottilie.Leary@yopmail.com,9090909090
1095,Nicoli,Gaulin,Nicoli.Gaulin@yopmail.com,9090909090
1096,Elie,Rosalba,Elie.Rosalba@yopmail.com,9090909090
1097,Nikki,Lia,Nikki.Lia@yopmail.com,9090909090
1098,Ericka,Egbert,Ericka.Egbert@yopmail.com,9090909090
1099,Valli,Rugen,Valli.Rugen@yopmail.com,9090909090
1100,Kelly,Urania,Kelly.Urania@yopmail.com,9090909090
1101,Joeann,Clywd,Joeann.Clywd@yopmail.com,9090909090
1102,Fayre,Madaih,Fayre.Madaih@yopmail.com,9090909090
1103,Jenilee,Hazlett,Jenilee.Hazlett@yopmail.com,9090909090
1104,Imojean,Japeth,Imojean.Japeth@yopmail.com,9090909090
1105,Ida,Haldas,Ida.Haldas@yopmail.com,9090909090
1106,Lelah,Reneta,Lelah.Reneta@yopmail.com,9090909090
1107,Keelia,Gladstone,Keelia.Gladstone@yopmail.com,9090909090
1108,Blake,Elisha,Blake.Elisha@yopmail.com,9090909090
1109,Odessa,Sisile,Odessa.Sisile@yopmail.com,9090909090
1110,Stacey,Nicoline,Stacey.Nicoline@yopmail.com,9090909090
1111,Binny,Adlare,Binny.Adlare@yopmail.com,9090909090
1112,Kara-Lynn,Tyson,Kara-Lynn.Tyson@yopmail.com,9090909090
1113,Gavrielle,Urias,Gavrielle.Urias@yopmail.com,9090909090
1114,Dari,Clarissa,Dari.Clarissa@yopmail.com,9090909090
1115,Odessa,Ajay,Odessa.Ajay@yopmail.com,9090909090
1116,Marika,Fax,Marika.Fax@yopmail.com,9090909090
1117,Etta,Ralfston,Etta.Ralfston@yopmail.com,9090909090
1118,Renie,Elvyn,Renie.Elvyn@yopmail.com,9090909090
1119,Zsa Zsa,Bearnard,Zsa Zsa.Bearnard@yopmail.com,9090909090
1120,Tatiania,Dermott,Tatiania.Dermott@yopmail.com,9090909090
1121,Lizzie,Hepsibah,Lizzie.Hepsibah@yopmail.com,9090909090
1122,Giustina,Dalli,Giustina.Dalli@yopmail.com,9090909090
1123,Carlie,Hutchison,Carlie.Hutchison@yopmail.com,9090909090
1124,Jackie,Oster,Jackie.Oster@yopmail.com,9090909090
1125,Delilah,Waldron,Delilah.Waldron@yopmail.com,9090909090
1126,Estell,Sikorski,Estell.Sikorski@yopmail.com,9090909090
1127,Monika,Thema,Monika.Thema@yopmail.com,9090909090
1128,Ethel,Colleen,Ethel.Colleen@yopmail.com,9090909090
1129,Carlie,Niccolo,Carlie.Niccolo@yopmail.com,9090909090
1130,Imojean,Roscoe,Imojean.Roscoe@yopmail.com,9090909090
1131,Elbertina,Cleavland,Elbertina.Cleavland@yopmail.com,9090909090
1132,Christian,Knowling,Christian.Knowling@yopmail.com,9090909090
1133,Betta,Toni,Betta.Toni@yopmail.com,9090909090
1134,Florencia,Ioab,Florencia.Ioab@yopmail.com,9090909090
1135,Charmaine,Junie,Charmaine.Junie@yopmail.com,9090909090
1136,Rhea,Chaing,Rhea.Chaing@yopmail.com,9090909090
1137,Belinda,Daniele,Belinda.Daniele@yopmail.com,9090909090
1138,Meg,Tice,Meg.Tice@yopmail.com,9090909090
1139,Belinda,Junie,Belinda.Junie@yopmail.com,9090909090
1140,Doro,Roche,Doro.Roche@yopmail.com,9090909090
1141,Elbertina,Decato,Elbertina.Decato@yopmail.com,9090909090
1142,Lucille,Evangelia,Lucille.Evangelia@yopmail.com,9090909090
1143,Ofilia,Tybald,Ofilia.Tybald@yopmail.com,9090909090
1144,Esmeralda,Breed,Esmeralda.Breed@yopmail.com,9090909090
1145,Susan,Christine,Susan.Christine@yopmail.com,9090909090
1146,Trudie,Kolnick,Trudie.Kolnick@yopmail.com,9090909090
1147,Bertine,Naashom,Bertine.Naashom@yopmail.com,9090909090
1148,Taffy,Lilas,Taffy.Lilas@yopmail.com,9090909090
1149,Cyndie,Noelyn,Cyndie.Noelyn@yopmail.com,9090909090
1150,Marline,Dituri,Marline.Dituri@yopmail.com,9090909090
1151,Raina,Allina,Raina.Allina@yopmail.com,9090909090
1152,Dominga,Cecile,Dominga.Cecile@yopmail.com,9090909090
1153,Isa,Hubert,Isa.Hubert@yopmail.com,9090909090
1154,Joceline,Cath,Joceline.Cath@yopmail.com,9090909090
1155,Tilly,Rillings,Tilly.Rillings@yopmail.com,9090909090
1156,Edee,Minetta,Edee.Minetta@yopmail.com,9090909090
1157,Valeda,Mintz,Valeda.Mintz@yopmail.com,9090909090
1158,Roberta,Jess,Roberta.Jess@yopmail.com,9090909090
1159,Candi,Wareing,Candi.Wareing@yopmail.com,9090909090
1160,Roxane,McCutcheon,Roxane.McCutcheon@yopmail.com,9090909090
1161,Lauryn,Orpah,Lauryn.Orpah@yopmail.com,9090909090
1162,Stacey,Mandler,Stacey.Mandler@yopmail.com,9090909090
1163,Lorie,Sherrie,Lorie.Sherrie@yopmail.com,9090909090
1164,Concettina,Munn,Concettina.Munn@yopmail.com,9090909090
1165,Sheree,Kamaria,Sheree.Kamaria@yopmail.com,9090909090
1166,Philis,Ivens,Philis.Ivens@yopmail.com,9090909090
1167,Mireielle,Lane,Mireielle.Lane@yopmail.com,9090909090
1168,Mariann,Stilwell,Mariann.Stilwell@yopmail.com,9090909090
1169,Susan,Audly,Susan.Audly@yopmail.com,9090909090
1170,Linet,Blake,Linet.Blake@yopmail.com,9090909090
1171,Priscilla,Nahum,Priscilla.Nahum@yopmail.com,9090909090
1172,Gwyneth,Robertson,Gwyneth.Robertson@yopmail.com,9090909090
1173,Caryl,Mullane,Caryl.Mullane@yopmail.com,9090909090
1174,Daryl,Shuler,Daryl.Shuler@yopmail.com,9090909090
1175,Cam,Raseda,Cam.Raseda@yopmail.com,9090909090
1176,Emylee,Leifeste,Emylee.Leifeste@yopmail.com,9090909090
1177,Rosaline,Howlyn,Rosaline.Howlyn@yopmail.com,9090909090
1178,Fayre,Schwejda,Fayre.Schwejda@yopmail.com,9090909090
1179,Antonietta,Rosemary,Antonietta.Rosemary@yopmail.com,9090909090
1180,Jany,Himelman,Jany.Himelman@yopmail.com,9090909090
1181,Aurore,Charity,Aurore.Charity@yopmail.com,9090909090
1182,Cristabel,Uird,Cristabel.Uird@yopmail.com,9090909090
1183,Meriel,Stelle,Meriel.Stelle@yopmail.com,9090909090
1184,Tierney,Torray,Tierney.Torray@yopmail.com,9090909090
1185,Fred,Kenwood,Fred.Kenwood@yopmail.com,9090909090
1186,Kary,Bach,Kary.Bach@yopmail.com,9090909090
1187,Drucie,Brunell,Drucie.Brunell@yopmail.com,9090909090
1188,Dolli,Soneson,Dolli.Soneson@yopmail.com,9090909090
1189,Hyacinthe,Berne,Hyacinthe.Berne@yopmail.com,9090909090
1190,Carly,Kussell,Carly.Kussell@yopmail.com,9090909090
1191,Marline,Nikaniki,Marline.Nikaniki@yopmail.com,9090909090
1192,Ann-Marie,Gherardo,Ann-Marie.Gherardo@yopmail.com,9090909090
1193,Alejandra,Saree,Alejandra.Saree@yopmail.com,9090909090
1194,Gabi,Sparhawk,Gabi.Sparhawk@yopmail.com,9090909090
1195,Charmaine,Honoria,Charmaine.Honoria@yopmail.com,9090909090
1196,Layla,Audly,Layla.Audly@yopmail.com,9090909090
1197,Valli,Ophelia,Valli.Ophelia@yopmail.com,9090909090
1198,Atlanta,Brodench,Atlanta.Brodench@yopmail.com,9090909090
1199,Margalo,Tound,Margalo.Tound@yopmail.com,9090909090
1200,Daune,Latini,Daune.Latini@yopmail.com,9090909090
1201,Wileen,Nelsen,Wileen.Nelsen@yopmail.com,9090909090
1202,Dorothy,Ricarda,Dorothy.Ricarda@yopmail.com,9090909090
1203,Ursulina,Ciapas,Ursulina.Ciapas@yopmail.com,9090909090
1204,Arlina,Elo,Arlina.Elo@yopmail.com,9090909090
1205,Jacenta,Deegan,Jacenta.Deegan@yopmail.com,9090909090
1206,Laure,Jerald,Laure.Jerald@yopmail.com,9090909090
1207,Sadie,Esmaria,Sadie.Esmaria@yopmail.com,9090909090
1208,Blake,Donoghue,Blake.Donoghue@yopmail.com,9090909090
1209,Oona,Fancie,Oona.Fancie@yopmail.com,9090909090
1210,Berget,Holtz,Berget.Holtz@yopmail.com,9090909090
1211,Kaia,Bashemeth,Kaia.Bashemeth@yopmail.com,9090909090
1212,Joelly,Latini,Joelly.Latini@yopmail.com,9090909090
1213,Carmencita,Klotz,Carmencita.Klotz@yopmail.com,9090909090
1214,Rani,Rustice,Rani.Rustice@yopmail.com,9090909090
1215,Netty,Ax,Netty.Ax@yopmail.com,9090909090
1216,Codie,Delila,Codie.Delila@yopmail.com,9090909090
1217,Keelia,Bury,Keelia.Bury@yopmail.com,9090909090
1218,Paola,Wilkinson,Paola.Wilkinson@yopmail.com,9090909090
1219,Feliza,Rudolph,Feliza.Rudolph@yopmail.com,9090909090
1220,Gui,Nedrud,Gui.Nedrud@yopmail.com,9090909090
1221,Rubie,Daegal,Rubie.Daegal@yopmail.com,9090909090
1222,Trudie,Barrus,Trudie.Barrus@yopmail.com,9090909090
1223,Iseabal,Harned,Iseabal.Harned@yopmail.com,9090909090
1224,Bill,Weinreb,Bill.Weinreb@yopmail.com,9090909090
1225,Ethel,Alva,Ethel.Alva@yopmail.com,9090909090
1226,Fawne,Mott,Fawne.Mott@yopmail.com,9090909090
1227,Perry,Kravits,Perry.Kravits@yopmail.com,9090909090
1228,Silvana,Annice,Silvana.Annice@yopmail.com,9090909090
1229,Norine,Joeann,Norine.Joeann@yopmail.com,9090909090
1230,Blinni,Sacken,Blinni.Sacken@yopmail.com,9090909090
1231,Lanae,Estella,Lanae.Estella@yopmail.com,9090909090
1232,Adore,Zachary,Adore.Zachary@yopmail.com,9090909090
1233,Deane,Diann,Deane.Diann@yopmail.com,9090909090
1234,Kathi,Fairweather,Kathi.Fairweather@yopmail.com,9090909090
1235,Sheelagh,Glovsky,Sheelagh.Glovsky@yopmail.com,9090909090
1236,Brianna,Yerkovich,Brianna.Yerkovich@yopmail.com,9090909090
1237,Leanna,Taima,Leanna.Taima@yopmail.com,9090909090
1238,Ermengarde,Latini,Ermengarde.Latini@yopmail.com,9090909090
1239,Deedee,Halla,Deedee.Halla@yopmail.com,9090909090
1240,Shaine,O'Rourke,Shaine.O'Rourke@yopmail.com,9090909090
1241,Codie,Velick,Codie.Velick@yopmail.com,9090909090
1242,Evita,Andrel,Evita.Andrel@yopmail.com,9090909090
1243,Lisette,Colleen,Lisette.Colleen@yopmail.com,9090909090
1244,Barbara,Mallon,Barbara.Mallon@yopmail.com,9090909090
1245,Kate,Emmy,Kate.Emmy@yopmail.com,9090909090
1246,Isa,Vernier,Isa.Vernier@yopmail.com,9090909090
1247,Georgetta,Marijo,Georgetta.Marijo@yopmail.com,9090909090
1248,Lizzie,Dex,Lizzie.Dex@yopmail.com,9090909090
1249,Edee,Wyn,Edee.Wyn@yopmail.com,9090909090